<?xml version="1.0" encoding="utf-8"?>
<elements>
    <info>
        <name>Bard College of Echoes</name>
        <update version="1.0.0">
            <file name="bard-college-of-echoes.xml" url="https://example.com/custom/college-of-echoes.xml" />
        </update>
    </info>

    <element name="College of Echoes" type="Archetype" source="Ungeon Player’s Compendium" id="ID_UNGEON_ARCHETYPE_BARD_COLLEGE_OF_ECHOES">
        <supports>Bard College</supports>
        <description>
            <p>Bards of the College of Echoes weave the strange, resonant energies of the Ungeon into their performances. These bards learn to manipulate ambient sound and memory, pulling haunting reverberations from the walls themselves and sculpting reality through sonic illusion.</p>
            <p class="indent">The Ungeon’s warping magic leaves a psychic imprint on all who dwell within, and bards of this college are adept at channeling these echoes of thought and sound. Their melodies can confuse enemies, replay past moments, or cloak allies in illusions made of auditory memory.</p>
            <p class="indent">These bards often act as guides through mysterious ruins, memory-keepers of forgotten halls, or enigmatic figures whose presence seems to both unsettle and comfort those who hear their tunes.</p>
            <div element="ID_UNGEON_ARCHETYPE_FEATURE_COLLEGE_OF_ECHOES_RESONANT_CHAMBER" />
            <div element="ID_UNGEON_ARCHETYPE_FEATURE_COLLEGE_OF_ECHOES_ECHOING_WORDS" />
            <div element="ID_UNGEON_ARCHETYPE_FEATURE_COLLEGE_OF_ECHOES_REVERBERATE" />
            <div element="ID_UNGEON_ARCHETYPE_FEATURE_COLLEGE_OF_ECHOES_AUDITORY_MIRROR" />
            <div element="ID_UNGEON_ARCHETYPE_FEATURE_COLLEGE_OF_ECHOES_UNREAL_CRESCENDO" />
        </description>
        <sheet display="false">
            <description></description>
        </sheet>
        <rules>
            <grant type="Archetype Feature" id="ID_UNGEON_ARCHETYPE_FEATURE_COLLEGE_OF_ECHOES_RESONANT_CHAMBER" level="3" />
            <grant type="Archetype Feature" id="ID_UNGEON_ARCHETYPE_FEATURE_COLLEGE_OF_ECHOES_ECHOING_WORDS" level="3" />
            <grant type="Archetype Feature" id="ID_UNGEON_ARCHETYPE_FEATURE_COLLEGE_OF_ECHOES_REVERBERATE" level="6" />
            <grant type="Archetype Feature" id="ID_UNGEON_ARCHETYPE_FEATURE_COLLEGE_OF_ECHOES_AUDITORY_MIRROR" level="6" />
            <grant type="Archetype Feature" id="ID_UNGEON_ARCHETYPE_FEATURE_COLLEGE_OF_ECHOES_UNREAL_CRESCENDO" level="14" />
        </rules>
    </element>

    <element name="Resonant Chamber" type="Archetype Feature" source="Ungeon Player’s Compendium" id="ID_UNGEON_ARCHETYPE_FEATURE_COLLEGE_OF_ECHOES_RESONANT_CHAMBER">
        <description>
            <p>At 3rd level, your attunement to the echoes of the Ungeon lets you project your voice as though it reverberates through stone and time. When you cast a bard spell with a verbal component, you can cause your voice to seem to come from any point within 60 feet. You can use this to mask your presence or sow confusion.</p>
            <p class="indent">Additionally, you gain proficiency in the Performance or Deception skill (your choice).</p>
        </description>
        <sheet display="false">
            <description></description>
        </sheet>
        <rules>
            <select type="Proficiency" name="Resonant Chamber Proficiency" supports="Skill">
                <option id="ID_PROFICIENCY_SKILL_PERFORMANCE" />
                <option id="ID_PROFICIENCY_SKILL_DECEPTION" />
            </select>
        </rules>
    </element>

    <element name="Echoing Words" type="Archetype Feature" source="Ungeon Player’s Compendium" id="ID_UNGEON_ARCHETYPE_FEATURE_COLLEGE_OF_ECHOES_ECHOING_WORDS">
        <description>
            <p>Also at 3rd level, you can expend a use of Bardic Inspiration to whisper a phrase into a target’s mind that repeats endlessly. As a bonus action, choose one creature you can see within 60 feet. The creature must make a Wisdom saving throw (DC equals your spell save DC). On a failure, they are distracted by the echo for 1 minute or until they take damage. While affected, they subtract your Bardic Inspiration die from the first attack roll or saving throw they make each turn.</p>
            <p class="indent">A creature affected this way can repeat the saving throw at the end of each of its turns, ending the effect on a success.</p>
        </description>
        <sheet action="Bonus Action">
            <description>Expend Bardic Inspiration to force a Wisdom save on a creature within 60 ft. On a failure, for 1 minute they subtract the die from the first attack roll or saving throw each turn. Save ends at end of turns.</description>
        </sheet>
    </element>

    <element name="Reverberate" type="Archetype Feature" source="Ungeon Player’s Compendium" id="ID_UNGEON_ARCHETYPE_FEATURE_COLLEGE_OF_ECHOES_REVERBERATE">
        <description>
            <p>Starting at 6th level, the echoes you summon become weapons. When a creature within 30 feet of you fails a saving throw against an enchantment or illusion spell you cast, you can cause them to be rattled by reverberations. Until the end of your next turn, they have disadvantage on saving throws against your spells and opportunity attacks against them are made with advantage.</p>
        </description>
        <sheet>
            <description>On a failed save against your enchantment or illusion spell, the creature suffers reverberations: disadvantage on your spell saves and opportunity attacks against them have advantage until end of your next turn. They are also considered distracted, granting disadvantage on the next attack roll they make before the end of your next turn.</description>
        </sheet>
    </element>

    <element name="Auditory Mirror" type="Archetype Feature" source="Ungeon Player’s Compendium" id="ID_UNGEON_ARCHETYPE_FEATURE_COLLEGE_OF_ECHOES_AUDITORY_MIRROR">
        <description>
            <p>Also at 6th level, you can record a phrase or sentence up to 6 seconds long and replay it as a perfect auditory illusion. As an action, you can reproduce this sound from any point within 60 feet. Creatures that hear the sound must make an Intelligence (Investigation) check (DC equals your spell save DC) to recognize it as an illusion.</p>
            <p class="indent">You can store up to three recordings at once, and can replace one as part of a long rest.</p>
        </description>
        <sheet action="Action">
            <description>Reproduce a recorded sound illusion from within 60 ft. Investigation check (spell save DC) reveals illusion. Store 3 sounds; replace one on long rest.</description>
        </sheet>
    </element>

    <element name="Unreal Crescendo" type="Archetype Feature" source="Ungeon Player’s Compendium" id="ID_UNGEON_ARCHETYPE_FEATURE_COLLEGE_OF_ECHOES_UNREAL_CRESCENDO">
        <description>
            <p>At 14th level, your songs reach into overlapping realities. As an action, you can unleash an echoing crescendo that fractures the perception of all enemies within 30 feet. Each creature must make a Charisma saving throw or take 4d10 psychic damage and be stunned until the end of their next turn. On a successful save, a creature takes half damage and is deafened instead.</p>
            <p class="indent">Once you use this feature, you can’t use it again until you finish a long rest.</p>
        </description>
        <sheet action="Action" usage="1/Long Rest">
            <description>As an action, force each creature in 30 ft. to make a Charisma save. On failure: stunned until end of next turn. On success: deafened. 1/long rest.</description>
        </sheet>
    </element>
</elements>
