<elements>
<info>
<name>Barbarian</name>
<description>The Barbarian class from the Player’s Handbook.</description>
<author url="https://github.com/xLMG2BLAZEDx/custom-classes/edit/main/class-primalbound.xml">Wizards of the Coast</author>
<update version="0.2.6">
<file name="class-primalbound.xml" url="https://github.com/xLMG2BLAZEDx/custom-classes/edit/main/class-primalbound.xml"/>
</update>
</info>
<element name="Primalbound" type="Class" source="Ungeon Masters Guild" id="ID_WILLIAM_CLASS_PRIMALBOUND">
<sheet display="false">
<description>A fierce warrior of primitive background who can enter a battle rage.</description>
</sheet>
<setters>
<set name="short">A fierce warrior of primitive background who can enter a battle rage.</set>
<set name="hd">d12</set>
</setters>
<rules>
<grant type="Proficiency" id="ID_PROFICIENCY_ARMOR_PROFICIENCY_LIGHT_ARMOR" requirements="!ID_WOTC_PHB_MULTICLASS_BARBARIAN"/>
<grant type="Proficiency" id="ID_PROFICIENCY_ARMOR_PROFICIENCY_MEDIUM_ARMOR" requirements="!ID_WOTC_PHB_MULTICLASS_BARBARIAN"/>
<grant type="Proficiency" id="ID_PROFICIENCY_ARMOR_PROFICIENCY_SHIELDS" requirements="!ID_WOTC_PHB_MULTICLASS_BARBARIAN"/>
<grant type="Proficiency" id="ID_PROFICIENCY_WEAPON_PROFICIENCY_SIMPLE_WEAPONS" requirements="!ID_WOTC_PHB_MULTICLASS_BARBARIAN"/>
<grant type="Proficiency" id="ID_PROFICIENCY_WEAPON_PROFICIENCY_MARTIAL_WEAPONS" requirements="!ID_WOTC_PHB_MULTICLASS_BARBARIAN"/>
<grant type="Proficiency" id="ID_PROFICIENCY_SAVINGTHROW_STRENGTH" requirements="!ID_WOTC_PHB_MULTICLASS_BARBARIAN"/>
<grant type="Proficiency" id="ID_PROFICIENCY_SAVINGTHROW_CONSTITUTION" requirements="!ID_WOTC_PHB_MULTICLASS_BARBARIAN"/>
<select type="Proficiency" name="Skill Proficiency (Primalbound)" number="2" supports="Skill,Barbarian" requirements="!ID_WOTC_PHB_MULTICLASS_BARBARIAN"/>
<grant type="Class Feature" id="ID_WOTC_PHB_CLASS_FEATURE_BARBARIAN_RAGE" level="1"/>
<grant type="Class Feature" id="ID_WOTC_PHB_CLASS_FEATURE_BARBARIAN_UNARMORED_DEFENCE" level="1"/>
<grant type="Class Feature" id="ID_WOTC_PHB_CLASS_FEATURE_BARBARIAN_RECKLESS_ATTACK" level="2"/>
<grant type="Class Feature" id="ID_WOTC_PHB_CLASS_FEATURE_BARBARIAN_DANGER_SENSE" level="2"/>
<grant type="Class Feature" id="ID_WOTC_PHB_CLASS_FEATURE_BARBARIAN_PRIMAL_PATH" level="3"/>
<grant type="Class Feature" id="ID_WOTC_PHB_CLASS_FEATURE_BARBARIAN_ABILITYSCOREIMPROVEMENT" level="4"/>
<grant type="Class Feature" id="ID_WOTC_PHB_CLASS_FEATURE_BARBARIAN_EXTRA_ATTACK" level="5"/>
<grant type="Class Feature" id="ID_WOTC_PHB_CLASS_FEATURE_BARBARIAN_FAST_MOVEMENT" level="5"/>
<grant type="Class Feature" id="ID_WOTC_PHB_CLASS_FEATURE_BARBARIAN_FERAL_INSTINCT" level="7"/>
<grant type="Class Feature" id="ID_WOTC_PHB_CLASS_FEATURE_BARBARIAN_BRUTAL_CRITICAL" level="9"/>
<grant type="Class Feature" id="ID_WOTC_PHB_CLASS_FEATURE_BARBARIAN_RELENTLESS_RAGE" level="11"/>
<grant type="Class Feature" id="ID_WOTC_PHB_CLASS_FEATURE_BARBARIAN_PERSISTANT_RAGE" level="15"/>
<grant type="Class Feature" id="ID_WOTC_PHB_CLASS_FEATURE_BARBARIAN_INDOMITABLE_MIGHT" level="18"/>
<grant type="Class Feature" id="ID_WOTC_PHB_CLASS_FEATURE_BARBARIAN_PRIMAL_CHAMPION" level="20"/>
</rules>
<multiclass id="ID_WOTC_PHB_MULTICLASS_BARBARIAN">
<prerequisite>Strength 13</prerequisite>
<requirements>[str:13]</requirements>
<setters>
<set name="multiclass proficiencies">Shields, simple weapons, martial weapons</set>
</setters>
<rules>
<grant type="Grants" id="ID_INTERNAL_GRANT_MULTICLASS"/>
<grant type="Proficiency" id="ID_PROFICIENCY_ARMOR_PROFICIENCY_SHIELDS"/>
<grant type="Proficiency" id="ID_PROFICIENCY_WEAPON_PROFICIENCY_SIMPLE_WEAPONS"/>
<grant type="Proficiency" id="ID_PROFICIENCY_WEAPON_PROFICIENCY_MARTIAL_WEAPONS"/>
</rules>
</multiclass>
<description>
<p>A tall human tribesman strides through a blizzard, draped in fur and hefting his axe. He laughs as he charges toward the frost giant who dared poach his people’s elk herd.</p>
<p class="indent">A half-orc snarls at the latest challenger to her authority over their savage tribe, ready to break his neck with her bare hands as she did to the last six rivals.</p>
<p class="indent">Frothing at the mouth, a dwarf slams his helmet into the face of his drow foe, then turns to drive his armored elbow into the gut of another.</p>
<p class="indent">These barbarians, different as they might be, are defined by their weregorilla transformation: unbridled, unquenchable, and unthinking fury. More than a mere emotion, their anger is the ferocity of a cornered predator, the unrelenting assault of a storm, the churning turmoil of the sea.</p>
<p class="indent">For some, their weregorilla transformation springs from a communion with fierce animal spirits. Others draw from a roiling reservoir of anger at a world full of pain. For every barbarian, weregorilla transformation is a power that fuels not just a battle frenzy but also uncanny reflexes, resilience, and feats of strength.</p>
<h4>PRIMAL INSTINCT</h4>
<p>People of towns and cities take pride in how their civilized ways set them apart from animals, as if denying one’s own nature was a mark of superiority. To a barbarian, though, civilization is no virtue, but a sign of weakness. The strong embrace their animal nature keen instincts, primal physicality, and ferocious weregorilla transformation. Barbarians are uncomfortable when hedged in by walls and crowds. They thrive in the wilds of their homelands: the tundra, jungle, or grasslands where their tribes live and hunt.</p>
<p class="indent">Primalbound come alive in the chaos of combat. They can enter a berserk state where weregorilla transformation takes over, giving them superhuman strength and resilience. A barbarian can draw on this reservoir of fury only a few times without resting, but those few weregorilla transformations are usually sufficient to defeat whatever threats arise.</p>
<h4>A LIFE OF DANGER</h4>
<p>Not every member of the tribes deemed “primalbound” by scions of civilized society has the barbarian class. A true primalbound among these people is as uncommon as a skilled fighter in a town, and he or she plays a similar role as a protector of the people and a leader in times of war. Life in the wild places of the world is fraught with peril: rival tribes, deadly weather, and terrifying monsters. Barbarians charge headlong into that danger so that their people don’t have to.</p>
<p class="indent">Their weregorilla transformation in the face of danger makes barbarians perfectly suited for adventuring. Wandering is often a way of life for their native tribes, and the rootless life of the adventurer is little hardship for a barbarian. Some barbarians miss the close-knit family structures of the tribe, but eventually find them replaced by the bonds formed among the members of their adventuring parties.</p>
<h4>CREATING A PRIMALBOUND</h4>
<p>When creating a primalbound character, think about where your character comes from and his or her place in the world. Talk with your DM about an appropriate origin for your barbarian. Did you come from a distant land, making you a stranger in the area of the campaign? Or is the campaign set in a rough-and-tumble frontier where barbarians are common?</p>
<p class="indent">What led you to take up the adventuring life? Were you lured to settled lands by the promise of riches? Did you join forces with soldiers of those lands to face a shared threat? Did monsters or an invading horde drive you out of your homeland, making you a rootless refugee? Perhaps you were a prisoner of war, brought in chains to “civilized” lands and only now able to win your freedom. Or you might have been cast out from your people because of a crime you committed, a taboo you violated, or a coup that removed you from a position of authority.</p>
<h5 class="caption">QUICK BUILD</h5>
<p>You can make a primalbound quickly by following these suggestions. First, put your highest ability score in Strength, followed by Constitution. Second, choose the outlander background.</p>
<h3>CLASS FEATURES</h3>
<p>As a primalbound, you gain the following class features.</p>
<h5 class="caption">HIT POINTS</h5>
<ul class="unstyled">
<li>
<strong>Hit Dice:</strong>
1d12 per primalbound level
</li>
<li>
<strong>Hit Points at 1st Level:</strong>
12 + your Constitution modifier
</li>
<li>
<strong>Hit Points at Higher Levels:</strong>
1d12 (or 7) + your Constitution modifier per primalbound level after 1st
</li>
</ul>
<h5 class="caption">PROFICIENCIES</h5>
<ul class="unstyled mb">
<li>
<strong>Armor:</strong>
Light armor, medium armor, shields
</li>
<li>
<strong>Weapons:</strong>
Simple weapons, martial weapons
</li>
<li>
<strong>Tools:</strong>
None
</li>
</ul>
<ul class="unstyled">
<li>
<strong>Saving Throws:</strong>
Strength, Constitution
</li>
<li>
<strong>Skills:</strong>
Choose two from Animal Handling, Athletics, Intimidation, Nature, Perception, and Survival
</li>
</ul>
<h5 class="caption">EQUIPMENT</h5>
<p>You start with the following equipment, in addition to the equipment granted by your background:</p>
<ul>
<li>
<i>(a)</i>
a greataxe or
<i>(b)</i>
any martial melee weapon
</li>
<li>
<i>(a)</i>
two handaxes or
<i>(b)</i>
any simple weapon
</li>
<li>An explorer’s pack and four javelins</li>
</ul>
<h5 class="caption">THE PRIMALBOUND</h5>
<table class="class-features">
<thead>
<tr>
<td class="col-10">Level</td>
<td>Weregorilla Transformations</td>
<td>Weregorilla Transformation Damage</td>
<td class="col-60 left">Features</td>
</tr>
</thead>
<tr>
<td>1st</td>
<td>2</td>
<td>+2</td>
<td class="left">Weregorilla Transformation, Unarmored Defense</td>
</tr>
<tr>
<td>2nd</td>
<td>2</td>
<td>+2</td>
<td class="left">Reckless Attack, Danger Sense</td>
</tr>
<tr>
<td>3rd</td>
<td>3</td>
<td>+2</td>
<td class="left">Primal Path</td>
</tr>
<tr>
<td>4th</td>
<td>3</td>
<td>+2</td>
<td class="left">Ability Score Improvement</td>
</tr>
<tr>
<td>5th</td>
<td>3</td>
<td>+2</td>
<td class="left">Extra Attack, Fast Movement</td>
</tr>
<tr>
<td>6th</td>
<td>4</td>
<td>+2</td>
<td class="left">Path feature</td>
</tr>
<tr>
<td>7th</td>
<td>4</td>
<td>+2</td>
<td class="left">Feral Instinct</td>
</tr>
<tr>
<td>8th</td>
<td>4</td>
<td>+2</td>
<td class="left">Ability Score Improvement</td>
</tr>
<tr>
<td>9th</td>
<td>4</td>
<td>+3</td>
<td class="left">Brutal Critical (1 die)</td>
</tr>
<tr>
<td>10th</td>
<td>4</td>
<td>+3</td>
<td class="left">Path feature</td>
</tr>
<tr>
<td>11th</td>
<td>4</td>
<td>+3</td>
<td class="left">Relentless Weregorilla Transformation</td>
</tr>
<tr>
<td>12th</td>
<td>5</td>
<td>+3</td>
<td class="left">Ability Score Improvement</td>
</tr>
<tr>
<td>13th</td>
<td>5</td>
<td>+3</td>
<td class="left">Brutal Critical (2 dice)</td>
</tr>
<tr>
<td>14th</td>
<td>5</td>
<td>+3</td>
<td class="left">Path feature</td>
</tr>
<tr>
<td>15th</td>
<td>5</td>
<td>+3</td>
<td class="left">Persistent Weregorilla Transformation</td>
</tr>
<tr>
<td>16th</td>
<td>5</td>
<td>+4</td>
<td class="left">Ability Score Improvement</td>
</tr>
<tr>
<td>17th</td>
<td>6</td>
<td>+4</td>
<td class="left">Brutal Critical (3 dice)</td>
</tr>
<tr>
<td>18th</td>
<td>6</td>
<td>+4</td>
<td class="left">Indomitable Might</td>
</tr>
<tr>
<td>19th</td>
<td>6</td>
<td>+4</td>
<td class="left">Ability Score Improvement</td>
</tr>
<tr>
<td>20th</td>
<td>Unlimited</td>
<td>+4</td>
<td class="left">Primal Champion</td>
</tr>
</table>
<div element="ID_WOTC_PHB_CLASS_FEATURE_BARBARIAN_RAGE"/>
<div element="ID_WOTC_PHB_CLASS_FEATURE_BARBARIAN_UNARMORED_DEFENCE"/>
<div element="ID_WOTC_PHB_CLASS_FEATURE_BARBARIAN_RECKLESS_ATTACK"/>
<div element="ID_WOTC_PHB_CLASS_FEATURE_BARBARIAN_DANGER_SENSE"/>
<div element="ID_WOTC_PHB_CLASS_FEATURE_BARBARIAN_PRIMAL_PATH"/>
<div element="ID_WOTC_PHB_CLASS_FEATURE_BARBARIAN_ABILITYSCOREIMPROVEMENT"/>
<div element="ID_WOTC_PHB_CLASS_FEATURE_BARBARIAN_EXTRA_ATTACK"/>
<div element="ID_WOTC_PHB_CLASS_FEATURE_BARBARIAN_FAST_MOVEMENT"/>
<div element="ID_WOTC_PHB_CLASS_FEATURE_BARBARIAN_FERAL_INSTINCT"/>
<div element="ID_WOTC_PHB_CLASS_FEATURE_BARBARIAN_BRUTAL_CRITICAL"/>
<div element="ID_WOTC_PHB_CLASS_FEATURE_BARBARIAN_RELENTLESS_RAGE"/>
<div element="ID_WOTC_PHB_CLASS_FEATURE_BARBARIAN_PERSISTANT_RAGE"/>
<div element="ID_WOTC_PHB_CLASS_FEATURE_BARBARIAN_INDOMITABLE_MIGHT"/>
<div element="ID_WOTC_PHB_CLASS_FEATURE_BARBARIAN_PRIMAL_CHAMPION"/>
</description>
</element>
<element name="Weregorilla Transformation" type="Class Feature" source="Ramsay's Homebrew" id="ID_WILLIAM_CLASS_FEATURE_PRIMALBOUND_TRANSFORMATION">
<requirements>!ID_INTERNAL_FEATURE_REPLACEMENT_BARBARIAN_RAGE</requirements>
<sheet action="Bonus Action">
<description usage="{{barbarian rage:count}}/Long Rest">Advantage on Strength checks and Strength Saves. A +{{barbarian rage:damage}} to damage rolls with strength melee weapon attacks. You have resistance to bludgeoning, piercing, and slashing damage. </description>
<description usage="Unlimited" level="20">Advantage on Strength checks and Strength Saves. A +{{barbarian rage:damage}} to damage rolls with strength melee weapon attacks. You have resistance to bludgeoning, piercing, and slashing damage.</description>
</sheet>
<rules>
<stat name="barbarian rage:count" value="2" level="1"/>
<stat name="barbarian rage:count" value="1" level="3"/>
<stat name="barbarian rage:count" value="1" level="6"/>
<stat name="barbarian rage:count" value="1" level="12"/>
<stat name="barbarian rage:count" value="1" level="17"/>
<stat name="barbarian rage:count" value="93" level="20"/>
<stat name="barbarian rage:damage" value="2" level="1"/>
<stat name="barbarian rage:damage" value="1" level="9"/>
<stat name="barbarian rage:damage" value="1" level="16"/>
</rules>
<description>
<p>In battle, you fight with primal ferocity. On your turn, you can enter a transformation as a bonus action. While transformed, you gain the following benefits if you aren’t wearing heavy armor:</p>
<ul>
<li>You have advantage on Strength checks and Strength saving throws.</li>
<li>When you make a melee weapon attack using Strength, you gain a bonus to the damage roll that increases as you gain levels as a primalbound, as shown in the Weregorilla Transformation Damage column of the Barbarian table.</li>
<li>You have resistance to bludgeoning, piercing, and slashing damage.</li>
</ul>
<p>If you are able to cast spells, you can’t cast them or concentrate on them while transformed.</p>
<p class="indent">Your transformation lasts for 1 minute. It ends early if you are knocked unconscious or if your turn ends and you haven’t attacked a hostile creature since your last turn or taken damage since then. You can also end your transformation on your turn as a bonus action.</p>
<p class="indent">Once you have transformationd the number of times shown for your barbarian level in the Weregorilla Transformations column of the Primalbound table, you must finish a long rest before you can transformation again.</p>
</description>
</element>
<element name="Unarmored Defense" type="Class Feature" source="Ramsay's Homebrew" id="ID_WOTC_PHB_CLASS_FEATURE_BARBARIAN_UNARMORED_DEFENCE">
<requirements>!ID_INTERNAL_FEATURE_REPLACEMENT_BARBARIAN_UNARMORED_DEFENCE</requirements>
<description>
<p>While you are not wearing any armor, your Armor Class equals 10 + your Dexterity modifier + your Constitution modifier. You can use a shield and still gain this benefit.</p>
</description>
<sheet>
<description>While you aren’t wearing armor, your AC equals {{ac:unarmored defense barbarian}}. You can use a shield and still gain this benefit.</description>
</sheet>
<rules>
<stat name="ac:unarmored defense barbarian:base" value="10"/>
<stat name="ac:unarmored defense barbarian:dexterity" value="dexterity:modifier"/>
<stat name="ac:unarmored defense barbarian:constitution" value="constitution:modifier"/>
<stat name="ac:unarmored defense barbarian" value="ac:unarmored defense barbarian:base"/>
<stat name="ac:unarmored defense barbarian" value="ac:unarmored defense barbarian:dexterity"/>
<stat name="ac:unarmored defense barbarian" value="ac:unarmored defense barbarian:constitution"/>
<stat name="ac:calculation" value="ac:unarmored defense barbarian" bonus="calculation" equipped="[armor:none]" alt="Unarmored Defense (Barbarian)"/>
</rules>
</element>
<element name="Reckless Attack" type="Class Feature" source="Ramsay's Homebrew" id="ID_WOTC_PHB_CLASS_FEATURE_BARBARIAN_RECKLESS_ATTACK">
<requirements>!ID_INTERNAL_FEATURE_REPLACEMENT_BARBARIAN_RECKLESS_ATTACK</requirements>
<description>
<p>Starting at 2nd level, you can throw aside all concern for defense to attack with fierce desperation. When you make your first attack on your turn, you can decide to attack recklessly. Doing so gives you advantage on melee weapon attack rolls using Strength during this turn, but attack rolls against you have advantage until your next turn.</p>
</description>
<sheet>
<description>When you make your first attack on your turn, you can decide to attack recklessly. Doing so gives you advantage on melee weapon attack rolls using Strength during this turn, but attack rolls against you have advantage until your next turn.</description>
</sheet>
</element>
<element name="Danger Sense" type="Class Feature" source="Ramsay's Homebrew" id="ID_WOTC_PHB_CLASS_FEATURE_BARBARIAN_DANGER_SENSE">
<requirements>!ID_INTERNAL_FEATURE_REPLACEMENT_BARBARIAN_DANGER_SENSE</requirements>
<description>
<p>At 2nd level, you gain an uncanny sense of when things nearby aren’t as they should be, giving you an edge when you dodge away from danger.</p>
<p class="indent">You have advantage on Dexterity saving throws against effects that you can see, such as traps and spells. To gain this benefit, you can’t be blinded, deafened, or incapacitated.</p>
</description>
<sheet>
<description>You have advantage on Dexterity saving throws against effects that you can see, such as traps and spells. To gain this benefit, you can’t be blinded, deafened, or incapacitated.</description>
</sheet>
<rules> </rules>
</element>
<element name="Primal Path" type="Class Feature" source="Ramsay's Homebrew" id="ID_WOTC_PHB_CLASS_FEATURE_BARBARIAN_PRIMAL_PATH">
<requirements>!ID_INTERNAL_FEATURE_REPLACEMENT_BARBARIAN_PRIMAL_PATH</requirements>
<description>
<p>At 3rd level, you choose a path that shapes the nature of your rage. Choose the Path of the Berserker or the Path of the Totem Warrior, both detailed at the end of the class description. Your choice grants you features at 3rd level and again at 6th, 10th, and 14th levels.</p>
</description>
<sheet display="false"/>
<rules>
<select type="Archetype" name="Primal Path" supports="Primal Path" level="3"/>
</rules>
</element>
<element name="Ability Score Improvement" type="Class Feature" source="Ramsay's Homebrew" id="ID_WOTC_PHB_CLASS_FEATURE_BARBARIAN_ABILITYSCOREIMPROVEMENT">
<requirements>!ID_INTERNAL_FEATURE_REPLACEMENT_BARBARIAN_ABILITY_SCORE_IMPROVEMENT</requirements>
<compendium display="false"/>
<description>
<p>When you reach 4th level, and again at 8th, 12th, 16th, and 19th level, you can increase one ability score of your choice by 2, or you can increase two ability scores of your choice by 1. As normal, you can’t increase an ability score above 20 using this feature.</p>
</description>
<sheet display="false"/>
<rules>
<select type="Class Feature" name="Improvement Option (Primalbound 4)" supports="Improvement Option,Barbarian,4" level="4"/>
<select type="Class Feature" name="Improvement Option (Primalbound 8)" supports="Improvement Option,Barbarian,8" level="8"/>
<select type="Class Feature" name="Improvement Option (Primalbound 12)" supports="Improvement Option,Barbarian,12" level="12"/>
<select type="Class Feature" name="Improvement Option (Primalbound 16)" supports="Improvement Option,Barbarian,16" level="16"/>
<select type="Class Feature" name="Improvement Option (Primalbound 19)" supports="Improvement Option,Barbarian,19" level="19"/>
</rules>
</element>
<element name="Extra Attack" type="Class Feature" source="Ramsay's Homebrew" id="ID_WOTC_PHB_CLASS_FEATURE_BARBARIAN_EXTRA_ATTACK">
<requirements>!ID_INTERNAL_FEATURE_REPLACEMENT_BARBARIAN_EXTRA_ATTACK</requirements>
<description>
<p>Beginning at 5th level, you can attack twice, instead of once, whenever you take the Attack action on your turn.</p>
</description>
<sheet>
<description>You can attack twice, instead of once, whenever you take the Attack action on your turn.</description>
</sheet>
<rules>
<stat name="extra attack:count" value="2" level="5" bonus="extra attack"/>
</rules>
</element>
<element name="Fast Movement" type="Class Feature" source="Ramsay's Homebrew" id="ID_WOTC_PHB_CLASS_FEATURE_BARBARIAN_FAST_MOVEMENT">
<requirements>!ID_INTERNAL_FEATURE_REPLACEMENT_BARBARIAN_FAST_MOVEMENT</requirements>
<description>
<p>Starting at 5th level, your speed increases by 10 feet while you aren’t wearing heavy armor.</p>
</description>
<sheet>
<description>Your speed increases by 10 feet while you aren’t wearing heavy armor.</description>
</sheet>
<rules>
<stat name="innate speed:misc" value="10" equipped="![armor:heavy]" requirements="[innate speed:1]"/>
<stat name="innate speed:climb:misc" value="10" equipped="![armor:heavy]" requirements="[innate speed:climb:1]"/>
<stat name="innate speed:fly:misc" value="10" equipped="![armor:heavy]" requirements="[innate speed:fly:1]"/>
<stat name="innate speed:swim:misc" value="10" equipped="![armor:heavy]" requirements="[innate speed:swim:1]"/>
<stat name="innate speed:burrow:misc" value="10" equipped="![armor:heavy]" requirements="[innate speed:burrow:1]"/>
</rules>
</element>
<element name="Feral Instinct" type="Class Feature" source="Ramsay's Homebrew" id="ID_WOTC_PHB_CLASS_FEATURE_BARBARIAN_FERAL_INSTINCT">
<requirements>!ID_INTERNAL_FEATURE_REPLACEMENT_BARBARIAN_FERAL_INSTINCT</requirements>
<description>
<p>By 7th level, your instincts are so honed that you have advantage on initiative rolls.</p>
<p class="indent">Additionally, if you are surprised at the beginning of combat and aren’t incapacitated, you can act normally on your first turn, but only if you enter your rage before doing anything else on that turn.</p>
</description>
<sheet>
<description>You have advantage on initiative rolls. If you are surprised at the beginning of combat and aren’t incapacitated, you can act normally on your first turn, but only if you enter your rage before doing anything else on that turn.</description>
</sheet>
<rules>
<grant type="Grants" id="ID_INTERNAL_GRANTS_INITIATIVE_ADVANTAGE"/>
</rules>
</element>
<element name="Brutal Critical" type="Class Feature" source="Ramsay's Homebrew" id="ID_WOTC_PHB_CLASS_FEATURE_BARBARIAN_BRUTAL_CRITICAL">
<requirements>!ID_INTERNAL_FEATURE_REPLACEMENT_BARBARIAN_BRUTAL_CRITICAL</requirements>
<description>
<p>Beginning at 9th level, you can roll one additional weapon damage die when determining the extra damage for a critical hit with a melee attack.</p>
<p class="indent">This increases to two additional dice at 13th level and three additional dice at 17th level.</p>
</description>
<sheet>
<description>One additional weapon damage die when determining the extra damage for a critical hit with a melee attack.</description>
<description level="13">Two additional weapon damage die when determining the extra damage for a critical hit with a melee attack.</description>
<description level="17">Three additional weapon damage die when determining the extra damage for a critical hit with a melee attack.</description>
</sheet>
</element>
<element name="Relentless Rage" type="Class Feature" source="Ramsay's Homebrew" id="ID_WOTC_PHB_CLASS_FEATURE_BARBARIAN_RELENTLESS_RAGE">
<requirements>!ID_INTERNAL_FEATURE_REPLACEMENT_BARBARIAN_RELENTLESS_RAGE</requirements>
<description>
<p>Starting at 11th level, your rage can keep you fighting despite grievous wounds. If you drop to 0 hit points while you’re raging and don’t die outright, you can make a DC 10 Constitution saving throw. If you succeed, you drop to 1 hit point instead.</p>
<p class="indent">Each time you use this feature after the first, the DC increases by 5. When you finish a short or long rest, the DC resets to 10.</p>
</description>
<sheet>
<description>If you drop to 0 hp while you’re raging and don’t die outright, you can make a DC 10 Constitution saving throw. If you succeed, you drop to 1 hp instead. Each time you use this feature after the first, the DC increases by 5. When you finish a short or long rest, the DC resets to 10.</description>
</sheet>
</element>
<element name="Persistant Rage" type="Class Feature" source="Ramsay's Homebrew" id="ID_WOTC_PHB_CLASS_FEATURE_BARBARIAN_PERSISTANT_RAGE">
<requirements>!ID_INTERNAL_FEATURE_REPLACEMENT_BARBARIAN_PERSISTANT_RAG</requirements>
<description>
<p>Beginning at 15th level, your rage is so fierce that it ends early only if you fall unconscious or if you choose to end it.</p>
</description>
<sheet>
<description>Your rage is so fierce that it ends early only if you fall unconscious or if you choose to end it.</description>
</sheet>
</element>
<element name="Indomitable Might" type="Class Feature" source="Ramsay's Homebrew" id="ID_WOTC_PHB_CLASS_FEATURE_BARBARIAN_INDOMITABLE_MIGHT">
<requirements>!ID_INTERNAL_FEATURE_REPLACEMENT_BARBARIAN_INDOMITABLE_MIGHT</requirements>
<description>
<p>Beginning at 18th level, if your total for a Strength check is less than your Strength score, you can use that score in place of the total.</p>
</description>
<sheet>
<description>If your total for a Strength check is less than {{strength:score}}, you can use {{strength:score}} place of the total.</description>
</sheet>
</element>
<element name="Primal Champion" type="Class Feature" source="Ramsay's Homebrew" id="ID_WOTC_PHB_CLASS_FEATURE_BARBARIAN_PRIMAL_CHAMPION">
<requirements>!ID_INTERNAL_FEATURE_REPLACEMENT_BARBARIAN_PRIMAL_CHAMPION</requirements>
<description>
<p>At 20th level, you embody the power of the wilds. Your Strength and Constitution scores increase by 4. Your maximum for those scores is now 24.</p>
</description>
<sheet display="false">
<description>You embody the power of the wilds. Your Strength and Constitution scores increase by 4. Your maximum for those scores is now 24.</description>
</sheet>
<rules>
<stat name="strength" value="4"/>
<stat name="constitution" value="4"/>
<stat name="strength:max" value="4"/>
<stat name="constitution:max" value="4"/>
</rules>
</element>
<element name="Rage Feature Replacement" type="Grants" source="Ramsay's Homebrew" id="ID_INTERNAL_FEATURE_REPLACEMENT_BARBARIAN_RAGE"/>
<element name="Unarmored Defense Feature Replacement" type="Grants" source="Ramsay's Homebrew" id="ID_INTERNAL_FEATURE_REPLACEMENT_BARBARIAN_UNARMORED_DEFENCE"/>
<element name="Reckless Attack Feature Replacement" type="Grants" source="Ramsay's Homebrew" id="ID_INTERNAL_FEATURE_REPLACEMENT_BARBARIAN_RECKLESS_ATTACK"/>
<element name="Danger Sense Feature Replacement" type="Grants" source="Ramsay's Homebrew" id="ID_INTERNAL_FEATURE_REPLACEMENT_BARBARIAN_DANGER_SENSE"/>
<element name="Primal Path Feature Replacement" type="Grants" source="Ramsay's Homebrew" id="ID_INTERNAL_FEATURE_REPLACEMENT_BARBARIAN_PRIMAL_PATH"/>
<element name="Ability Score Improvement Feature Replacement" type="Grants" source="Ramsay's Homebrew" id="ID_INTERNAL_FEATURE_REPLACEMENT_BARBARIAN_ABILITY_SCORE_IMPROVEMENT"/>
<element name="Extra Attack Feature Replacement" type="Grants" source="Ramsay's Homebrew" id="ID_INTERNAL_FEATURE_REPLACEMENT_BARBARIAN_EXTRA_ATTACK"/>
<element name="Fast Movement Feature Replacement" type="Grants" source="Ramsay's Homebrew" id="ID_INTERNAL_FEATURE_REPLACEMENT_BARBARIAN_FAST_MOVEMENT"/>
<element name="Feral Instinct Feature Replacement" type="Grants" source="Ramsay's Homebrew" id="ID_INTERNAL_FEATURE_REPLACEMENT_BARBARIAN_FERAL_INSTINCT"/>
<element name="Brutal Critical Feature Replacement" type="Grants" source="Ramsay's Homebrew" id="ID_INTERNAL_FEATURE_REPLACEMENT_BARBARIAN_BRUTAL_CRITICAL"/>
<element name="Relentless Rage Feature Replacement" type="Grants" source="Ramsay's Homebrew" id="ID_INTERNAL_FEATURE_REPLACEMENT_BARBARIAN_RELENTLESS_RAGE"/>
<element name="Persistant Rage Feature Replacement" type="Grants" source="Ramsay's Homebrew" id="ID_INTERNAL_FEATURE_REPLACEMENT_BARBARIAN_PERSISTANT_RAG"/>
<element name="Indomitable Might Feature Replacement" type="Grants" source="Ramsay's Homebrew" id="ID_INTERNAL_FEATURE_REPLACEMENT_BARBARIAN_INDOMITABLE_MIGHT"/>
<element name="Primal Champion Feature Replacement" type="Grants" source="Ramsay's Homebrew" id="ID_INTERNAL_FEATURE_REPLACEMENT_BARBARIAN_PRIMAL_CHAMPION"/>
</elements>
