<?xml version="1.0" encoding="utf-8"?>
<elements>
  <element name="Dwarven Defender" type="Archetype" source="Ungeon Masters Guild" id="ID_HB_ARCHETYPE_FIGHTER_DWARVEN_DEFENDER">
    <supports>Martial Archetype</supports>
    <description>
      <p>Among the greatest of dwarven warriors are those trained to stand unyielding against any threat. The Dwarven Defenders form the immovable bulwark at the heart of dwarven defense lines, shield in hand, braced shoulder to shoulder with their brethren. Forged in stone keeps and honed in tunnel wars, they hold the line while others fall back. Their skill with shields and steadfast nature make them legendary protectors of dwarven strongholds.</p>
      <div element="ID_HB_ARCHETYPE_FEATURE_DEFENDER_WARDING_FORMATION" />
      <div element="ID_HB_ARCHETYPE_FEATURE_DEFENDER_HAMMER_MASTERY" />
      <div element="ID_HB_ARCHETYPE_FEATURE_DEFENDER_INTERPOSE" />
      <div element="ID_HB_ARCHETYPE_FEATURE_DEFENDER_RIPOSTING_CRUSH" />
      <div element="ID_HB_ARCHETYPE_FEATURE_DEFENDER_UNYIELDING_BASTION" />
    </description>
    <sheet display="false" />
    <rules>
      <grant type="Archetype Feature" id="ID_HB_ARCHETYPE_FEATURE_DEFENDER_WARDING_FORMATION" level="3" />
      <grant type="Archetype Feature" id="ID_HB_ARCHETYPE_FEATURE_DEFENDER_HAMMER_MASTERY" level="7" />
      <grant type="Archetype Feature" id="ID_HB_ARCHETYPE_FEATURE_DEFENDER_INTERPOSE" level="10" />
      <grant type="Archetype Feature" id="ID_HB_ARCHETYPE_FEATURE_DEFENDER_RIPOSTING_CRUSH" level="15" />
      <grant type="Archetype Feature" id="ID_HB_ARCHETYPE_FEATURE_DEFENDER_UNYIELDING_BASTION" level="18" />
    </rules>
  </element>

  <element name="Warding Formation" type="Archetype Feature" source="Ramsay's Homebrew" id="ID_HB_ARCHETYPE_FEATURE_DEFENDER_WARDING_FORMATION">
    <description>
      <p>Starting when you choose this archetype at 3rd level, you can use a bonus action to initiate your Warding Formation. You may use this ability once, and regain it after a long rest.</p>
      <p class="indent"><b><i>Warding Formation.</i></b> For 1 minute, you and allies within 5 feet who can see or hear you gain +2 AC if adjacent to another shield-wielding ally. Additionally, all affected gain +1 AC from their shields. This does not stack with itself.</p>
    </description>
    <sheet>
      <description action="Bonus Action" usage="1/Long Rest">You initiate your Warding Formation. For 1 minute, you and allies within 5 feet gain +2 AC if adjacent to another shield-wielder. They also gain +1 AC from their shields. Does not stack with itself.</description>
    </sheet>
  </element>

  <element name="Hammer Mastery" type="Archetype Feature" source="Ramsay's Homebrew" id="ID_HB_ARCHETYPE_FEATURE_DEFENDER_HAMMER_MASTERY">
    <description>
      <p>At 7th level, your skill with warhammers, mauls, and similar weapons increases. Their damage dice increase to d8 (d10 with two hands), and you gain 10-foot reach with melee attacks. When you make an attack with one, you may use a bonus action to strike with the haft or pommel, dealing 1d4 bludgeoning damage.</p>
    </description>
    <sheet>
      <description>Warhammers, mauls, and similar weapons deal d8 (or d10 two-handed). Reach increases to 10 feet. Bonus action: strike with haft for 1d4 bludgeoning damage.</description>
    </sheet>
  </element>

  <element name="Interpose" type="Archetype Feature" source="Ramsay's Homebrew" id="ID_HB_ARCHETYPE_FEATURE_DEFENDER_INTERPOSE">
    <description>
      <p>At 10th level, you become adept at using your shield to guard allies. When a creature attacks an ally within 5 feet of you, you can use your reaction to add your proficiency bonus to their AC until your next turn. You must be wielding a shield.</p>
    </description>
    <sheet>
      <description action="Reaction">When a creature attacks an ally within 5 feet of you, add +{{proficiency}} to their AC until your next turn. Requires shield.</description>
    </sheet>
  </element>

  <element name="Riposting Crush" type="Archetype Feature" source="Ramsay's Homebrew" id="ID_HB_ARCHETYPE_FEATURE_DEFENDER_RIPOSTING_CRUSH">
    <description>
      <p>At 15th level, your critical strikes come with bone-shattering force. You score a critical hit on a 19 or 20. When you do, if your target has a shield, it is knocked 10 feet away. If not, they take an additional 1d6 bludgeoning damage.</p>
    </description>
    <sheet>
      <description>You crit on 19–20. On a melee crit, knock a shield 10 feet away or deal an extra 1d6 bludgeoning if no shield.</description>
    </sheet>
  </element>

  <element name="Unyielding Bastion" type="Archetype Feature" source="Ramsay's Homebrew" id="ID_HB_ARCHETYPE_FEATURE_DEFENDER_UNYIELDING_BASTION">
    <description>
      <p>At 18th level, you embody the heart of the stone halls. When you take the Attack action, you may forgo one attack to make a separate melee attack against each creature within 5 feet. Roll separately for each target.</p>
    </description>
    <sheet>
      <description>When you take the Attack action, you may forgo one attack to strike every creature within 5 feet with separate rolls.</description>
    </sheet>
  </element>
</elements>
