<?xml version="1.0" encoding="utf-8"?>
<elements>
    <info>
        <name>Necroblade</name>
        <description>5e homebrew</description>
        <author url="https://github.com/xLMG2BLAZEDx/custom-classes/edit/main/necroblade_subclass.xml">xLMG2Blazed</author>
        <update version="0.0.2">
            <file name="necroblade_sublass.xml" url="https://raw.githubusercontent.com/xLMG2BLAZEDx/custom-classes/refs/heads/main/necroblade_subclass.xml"/>
        </update>
    </info>


  <element name="Necroblade" type="Archetype" source="Ramsay's Homebrew" id="ID_CUSTOM_ARCHETYPE_FIGHTER_NECROBLADE">
    <supports>Martial Archetype</supports>
    <description>
      <p>The Necroblade is a death-bound warrior who intertwines martial mastery with necromantic power. These knights embrace the magic of bone, blood, and undeath. They focus their study on necromancy and restorative magic, commanding bone-shaping spells and life-draining attacks. A Necroblade is as much feared for their healing resilience as for their power over death itself.</p>
      <div element="ID_CUSTOM_FEATURE_NECROBLADE_SPELLCASTING"/>
      <div element="ID_WOTC_PHB_ARCHETYPE_FEATURE_ELDRITCH_KNIGHT_WEAPON_BOND"/>
      <div element="ID_WOTC_PHB_ARCHETYPE_FEATURE_ELDRITCH_KNIGHT_WAR_MAGIC"/>
      <div element="ID_WOTC_PHB_ARCHETYPE_FEATURE_ELDRITCH_KNIGHT_ELDRITCH_STRIKE"/>
      <div element="ID_WOTC_PHB_ARCHETYPE_FEATURE_ELDRITCH_KNIGHT_ARCANE_CHARGE"/>
      <div element="ID_WOTC_PHB_ARCHETYPE_FEATURE_ELDRITCH_KNIGHT_IMPROVED_WAR_MAGIC"/>
    </description>
    <sheet display="false">
      <description>A death-bound warrior channeling necromancy and vitality into deadly strikes.</description>
    </sheet>
    <rules>
      <grant type="Archetype Feature" id="ID_CUSTOM_FEATURE_NECROBLADE_SPELLCASTING" level="3"/>
      <grant type="Archetype Feature" id="ID_WOTC_PHB_ARCHETYPE_FEATURE_ELDRITCH_KNIGHT_WEAPON_BOND" level="3"/>
      <grant type="Archetype Feature" id="ID_WOTC_PHB_ARCHETYPE_FEATURE_ELDRITCH_KNIGHT_WAR_MAGIC" level="7"/>
      <grant type="Archetype Feature" id="ID_WOTC_PHB_ARCHETYPE_FEATURE_ELDRITCH_KNIGHT_ELDRITCH_STRIKE" level="10"/>
      <grant type="Archetype Feature" id="ID_WOTC_PHB_ARCHETYPE_FEATURE_ELDRITCH_KNIGHT_ARCANE_CHARGE" level="15"/>
      <grant type="Archetype Feature" id="ID_WOTC_PHB_ARCHETYPE_FEATURE_ELDRITCH_KNIGHT_IMPROVED_WAR_MAGIC" level="18"/>
    </rules>
  </element>

  <element name="Spellcasting" type="Archetype Feature" source="Ramsay's Homebrew" id="ID_CUSTOM_FEATURE_NECROBLADE_SPELLCASTING">
    <description>
      <p>Beginning at 3rd level, you enhance your martial prowess with the ability to cast spells derived from death and vitality. You draw from the necromantic arts and restorative magic of the divine.</p>
      <p class="indent"><strong><em>Cantrips.</em></strong> You learn two cantrips of your choice from the necromancy school or spells that reveal knowledge. You learn an additional cantrip at 10th level.</p>
      <p class="indent"><strong><em>Spell Slots.</em></strong> The Necroblade Spellcasting table shows how many spell slots you have. You regain all expended spell slots when you finish a long rest.</p>
      <p class="indent"><strong><em>Spells Known of 1st-Level and Higher.</em></strong> You know three 1st-level spells, chosen from the necromancy school or divination spells (such as <em>detect magic</em>, <em>identify</em>). As you level up, you may learn more, as shown in the table.</p>
      <p class="indent">Spells learned at 8th, 14th, and 20th level may come from any school.</p>
      <p class="indent"><strong><em>Spellcasting Ability.</em></strong> Intelligence is your spellcasting ability. Use your Intelligence modifier to set spell save DCs and attack rolls.</p>
      <center>
        <p><strong>Spell save DC</strong> = 8 + your proficiency bonus + your Intelligence modifier</p>
        <p><strong>Spell attack modifier</strong> = your proficiency bonus + your Intelligence modifier</p>
      </center>
    </description>
    <sheet display="false">
      <description>You augment your martial prowess with necromantic and divination spellcasting.</description>
    </sheet>
   <spellcasting name="Necroblade" ability="Intelligence" prepare="false" allowReplace="true">
      <list>Wizard,Cleric,(Necromancy||Divination||Evocation)</list>
    </spellcasting>
    <rules>
      <grant type="Grants" id="ID_INTERNAL_GRANT_MULTICLASS_SPELLCASTING_SLOTS_THIRD" requirements="ID_INTERNAL_GRANT_MULTICLASS"/>
      <stat name="necroblade:spellcasting:slots:1" value="2" level="3" />
      <stat name="necroblade:spellcasting:slots:1" value="3" level="4" />
      <stat name="necroblade:spellcasting:slots:1" value="3" level="7" />
      <stat name="necroblade:spellcasting:slots:2" value="2" level="7" />
      <stat name="necroblade:spellcasting:slots:2" value="3" level="10" />
      <stat name="necroblade:spellcasting:slots:3" value="2" level="13" />
      <stat name="necroblade:spellcasting:slots:3" value="3" level="16" />
      <stat name="necroblade:spellcasting:slots:4" value="1" level="19" />

      <select type="Spell" name="Cantrip (Necroblade)" supports="(Necromancy||Divination||Evocation), 0" level="3" number="2" spellcasting="Necroblade" />
      <select type="Spell" name="Cantrip (Necroblade)" supports="(Necromancy||Divination||Evocation), 0" level="10" number="1" spellcasting="Necroblade" />
      <select type="Spell" name="Spellcasting (Necroblade)" supports="(Necromancy||Divination||Evocation), 1" level="3" number="3" spellcasting="Necroblade" />
      <select type="Spell" name="Spellcasting (Necroblade)" supports="(Necromancy||Divination||Evocation), $(spellcasting:slots)" level="4" spellcasting="Necroblade"/>
      <select type="Spell" name="Spellcasting (Necroblade)" supports="(Necromancy||Divination||Evocation), $(spellcasting:slots)" level="7" spellcasting="Necroblade"/>
      <select type="Spell" name="Spellcasting (Necroblade)" supports="(Necromancy||Divination||Evocation), $(spellcasting:slots)" level="8" spellcasting="Necroblade"/>
      <select type="Spell" name="Spellcasting (Necroblade)" supports="(Necromancy||Divination||Evocation), $(spellcasting:slots)" level="10" spellcasting="Necroblade"/>
      <select type="Spell" name="Spellcasting (Necroblade)" supports="(Necromancy||Divination||Evocation), $(spellcasting:slots)" level="11" spellcasting="Necroblade"/>
      <select type="Spell" name="Spellcasting (Necroblade)" supports="(Necromancy||Divination||Evocation), $(spellcasting:slots)" level="13" spellcasting="Necroblade"/>
      <select type="Spell" name="Spellcasting (Necroblade)" supports="(Necromancy||Divination||Evocation), $(spellcasting:slots)" level="14" spellcasting="Necroblade"/>
      <select type="Spell" name="Spellcasting (Necroblade)" supports="(Necromancy||Divination||Evocation), $(spellcasting:slots)" level="16" spellcasting="Necroblade"/>
      <select type="Spell" name="Spellcasting (Necroblade)" supports="(Necromancy||Divination||Evocation), $(spellcasting:slots)" level="19" spellcasting="Necroblade"/>
      <select type="Spell" name="Spellcasting (Necroblade)" supports="(Necromancy||Divination||Evocation), $(spellcasting:slots)" level="20" spellcasting="Necroblade"/>
    </rules>
  </element>
</elements>
